"position","title","artists","duration","inferred_source_style","inferred_mood","inferred_energy","inferred_tempo_band","metal_conversion_direction","lyric_theme_direction","suno_prompt"
1,"Whiskey Lullaby (feat. Alison Krauss)","Brad Paisley, Alison Krauss","04:19","Title/artist-informed creative inference: country duet ballad","Title/artist-informed creative inference: mournful and intimate","Title/artist-informed creative inference: low, slow-burn","Title/artist-informed creative inference: slow-feel; no measured BPM","Gothic doom-country with clean arpeggios, tolling low guitars, restrained drums, and a crushing final chorus.","Title/artist-informed creative inference: grief, memory, and consequences; write entirely new lyrics.","Original gothic doom-country duet, slow-feel, clean baritone guitar opening, distant pedal-steel color, low-tuned guitars entering after verse one, restrained male/female call-and-response, huge final chorus, lyrics about two people haunted by a choice; no quoted lyrics or artist imitation."
2,"Five Dollar Fine","Chris LeDoux","03:40","Title/artist-informed creative inference: honky-tonk novelty country","Title/artist-informed creative inference: mischievous and rowdy","Title/artist-informed creative inference: medium-high","Title/artist-informed creative inference: brisk-feel; no measured BPM","Barroom speed metal with shuffle-inflected drums, gang shouts, and a compact twin-guitar break.","Title/artist-informed creative inference: comic rules, small penalties, and escalating trouble; write entirely new lyrics.","Original barroom speed-metal song with a brisk shuffle feel, palm-muted verses, shouted group responses, a concise twin-guitar solo, and a humorous story about a tiny house rule causing an expensive night; keep the hook new and avoid artist references."
3,"Copenhagen","Chris LeDoux","01:58","Title/artist-informed creative inference: short cowboy novelty country","Title/artist-informed creative inference: cheeky and rough-edged","Title/artist-informed creative inference: high","Title/artist-informed creative inference: fast-feel; no measured BPM","Short crossover-thrash burst with galloping bass, dry snare, and an abrupt stop.","Title/artist-informed creative inference: road habit, bravado, and comic regret; write entirely new lyrics.","Original sub-two-minute crossover-thrash sprint, fast-feel, galloping bass, dry drums, barked verses, one eight-bar solo, and an abrupt ending; lyrics tell a fresh comic road story about swagger turning into regret, without quoting any existing song."
4,"Under This Old Hat","Chris LeDoux","02:32","Title/artist-informed creative inference: traditional western country","Title/artist-informed creative inference: weathered and reflective","Title/artist-informed creative inference: medium","Title/artist-informed creative inference: mid-tempo feel; no measured BPM","Dusty stoner metal with open-string riffs, roomy toms, and a melodic lift in the chorus.","Title/artist-informed creative inference: hidden history, endurance, and earned identity; write entirely new lyrics.","Original dusty stoner-metal narrative, mid-tempo feel, open-string guitar riff, roomy toms, warm bass, gravelly clean vocal, and a melodic chorus; new lyrics reveal the unseen years carried beneath a familiar piece of clothing."
5,"Copenhagen Angel","Chris LeDoux","02:38","Title/artist-informed creative inference: western country romance","Title/artist-informed creative inference: yearning with a playful edge","Title/artist-informed creative inference: medium","Title/artist-informed creative inference: mid-tempo feel; no measured BPM","Melodic heavy metal with chiming clean verses, harmonized leads, and a bright double-time finale.","Title/artist-informed creative inference: an elusive road romance and idealized memory; write entirely new lyrics.","Original melodic heavy-metal road romance, mid-tempo verses with chiming clean guitars, harmonized lead motif, firm snare backbeat, clear vocal, and a bright double-time final chorus; write a new story about remembering an elusive traveler."
6,"Ring of Fire","Johnny Cash","02:35","Title/artist-informed creative inference: rockabilly-rooted country","Title/artist-informed creative inference: urgent and ominous","Title/artist-informed creative inference: medium-high","Title/artist-informed creative inference: driving feel; no measured BPM","Groove metal built on a circular riff, floor-tom pulse, and a widening chorus without recreating the source melody.","Title/artist-informed creative inference: dangerous attraction and voluntary descent; write entirely new lyrics.","Original groove-metal song about dangerous attraction, driving feel, circular low-guitar riff, floor-tom pulse, tense half-sung verses, and a widening clean chorus; create a wholly new melody and lyric, with no artist imitation."
7,"Some Girls Do","Sawyer Brown","03:13","Title/artist-informed creative inference: upbeat 1990s country-rock","Title/artist-informed creative inference: defiant and flirtatious","Title/artist-informed creative inference: high","Title/artist-informed creative inference: brisk-feel; no measured BPM","Bright hard-rock metal with punchy power chords, stacked chorus vocals, and a playful lead break.","Title/artist-informed creative inference: confidence, mismatched expectations, and attraction; write entirely new lyrics.","Original bright hard-rock metal anthem, brisk-feel, punchy power chords, lively bass, stacked chorus vocals, and a playful lead-guitar break; new lyrics celebrate refusing someone else's expectations while keeping the tone witty."
8,"Pickup Man","Joe Diffie","03:36","Title/artist-informed creative inference: 1990s country novelty rocker","Title/artist-informed creative inference: playful and swaggering","Title/artist-informed creative inference: high","Title/artist-informed creative inference: driving feel; no measured BPM","Southern groove metal with engine-like chugs, cowbell accents, and a crowd-ready chorus.","Title/artist-informed creative inference: pride in a practical machine and social confidence; write entirely new lyrics.","Original southern groove-metal celebration of a battered work truck, driving feel, engine-like syncopated chugs, cowbell accents, gritty clean vocal, crowd-ready chorus, and a slide-guitar-flavored solo; no borrowed lines or named-artist styling."
9,"Tennessee Whiskey","Chris Stapleton","04:53","Title/artist-informed creative inference: country-soul ballad","Title/artist-informed creative inference: smoky, tender, and redemptive","Title/artist-informed creative inference: low to medium","Title/artist-informed creative inference: slow-feel; no measured BPM","Blues-doom metal with spacious drums, sustained low chords, expressive bends, and a cathartic chorus.","Title/artist-informed creative inference: love as rescue from self-destruction; write entirely new lyrics.","Original blues-doom metal ballad, slow-feel, spacious drums, sustained low chords, expressive guitar bends, soulful clean vocal, and a cathartic final chorus; write new lyrics about finding steadiness after years of self-sabotage."
10,"Riding For A Fall","Chris LeDoux","03:31","Title/artist-informed creative inference: cowboy country narrative","Title/artist-informed creative inference: restless and cautionary","Title/artist-informed creative inference: medium","Title/artist-informed creative inference: mid-tempo feel; no measured BPM","Melodic western heavy metal with galloping rhythm guitars, wind-swept clean breaks, and a warning-hook chorus.","Title/artist-informed creative inference: reckless momentum and ignored warnings; write entirely new lyrics.","Original western heavy-metal cautionary tale, mid-tempo gallop, wind-swept clean-guitar breaks, muscular bass, clear narrative vocal, and a warning-hook chorus; fresh lyrics follow a rider who mistakes momentum for control."
11,"Friends In Low Places","The Sounds Of Garth Brooks","03:51","Title/artist-informed creative inference: country barroom singalong","Title/artist-informed creative inference: communal, bruised, and humorous","Title/artist-informed creative inference: medium-high","Title/artist-informed creative inference: mid-tempo feel; no measured BPM","Folk metal pub anthem with stomping drums, rough gang vocals, and an original descending chorus.","Title/artist-informed creative inference: rejection answered by loyal outsider community; write entirely new lyrics.","Original folk-metal pub anthem, stomping mid-tempo rhythm, acoustic strums under distorted guitars, rough gang responses, and a new descending chorus; lyrics center on finding loyal company after being turned away from a polished event."
12,"One Bourbon, One Scotch, One Beer","George Thorogood & The Destroyers","08:26","Title/artist-informed creative inference: extended blues-rock barroom jam","Title/artist-informed creative inference: boozy, wry, and escalating","Title/artist-informed creative inference: medium-high","Title/artist-informed creative inference: slow-to-mid groove feel; no measured BPM","Long-form sludge-blues metal with spoken narrative spaces, riff escalation, and two contrasting solos.","Title/artist-informed creative inference: mounting problems narrated through a night out; write entirely new lyrics.","Original long-form sludge-blues metal narrative, slow-to-mid groove, spoken-sung verses, grimy bass, riff escalation across three sections, and two contrasting guitar solos; create a new night-out story where each bad decision compounds the last."
13,"I'm Gonna Miss Her","Brad Paisley","03:14","Title/artist-informed creative inference: country comedy song","Title/artist-informed creative inference: playful and self-aware","Title/artist-informed creative inference: high","Title/artist-informed creative inference: brisk-feel; no measured BPM","Comedy power metal with heroic drums, exaggerated harmonies, and a deliberately overblown solo.","Title/artist-informed creative inference: absurd priorities tested by an ultimatum; write entirely new lyrics.","Original comedy power-metal track, brisk-feel, heroic drums, bright twin leads, theatrical clean vocal, and an intentionally overblown solo; new lyrics follow someone choosing an embarrassingly trivial obsession over a dramatic ultimatum."
14,"I'm Still a Guy","Brad Paisley","04:11","Title/artist-informed creative inference: contemporary country humor","Title/artist-informed creative inference: self-mocking and stubborn","Title/artist-informed creative inference: medium-high","Title/artist-informed creative inference: mid-tempo feel; no measured BPM","Groove metal with stop-start riffs, conversational verses, and a self-deprecating clean chorus.","Title/artist-informed creative inference: identity, changing norms, and comic self-examination; write entirely new lyrics.","Original self-deprecating groove-metal song, mid-tempo stop-start riff, conversational verses, tight drums, and a clean chorus that turns bravado into self-awareness; write fresh lyrics about adapting without pretending to be perfect."
15,"Should've Been A Cowboy","Toby Keith","03:28","Title/artist-informed creative inference: modern cowboy country anthem","Title/artist-informed creative inference: nostalgic and adventurous","Title/artist-informed creative inference: medium-high","Title/artist-informed creative inference: driving feel; no measured BPM","Western power metal with galloping riffs, widescreen chorus chords, and a frontier-themed instrumental bridge.","Title/artist-informed creative inference: alternate lives, frontier dreams, and missed adventure; write entirely new lyrics.","Original western power-metal anthem, driving gallop, widescreen chorus chords, ringing lead motif, commanding clean vocal, and a cinematic frontier bridge; new lyrics imagine the road not taken and the life that might have followed."
16,"I Love This Bar","Toby Keith","05:35","Title/artist-informed creative inference: barroom country anthem","Title/artist-informed creative inference: welcoming and celebratory","Title/artist-informed creative inference: medium-high","Title/artist-informed creative inference: mid-tempo feel; no measured BPM","Stoner-metal tavern anthem with thick riffs, handclaps, organ color, and inclusive gang vocals.","Title/artist-informed creative inference: affection for a flawed gathering place and its regulars; write entirely new lyrics.","Original stoner-metal tavern anthem, thick mid-tempo riff, handclaps, subtle organ color, warm gritty vocal, and inclusive gang chorus; invent a new neighborhood venue and describe its odd regulars without borrowing any existing lyric."
17,"Beer For My Horses","Toby Keith, Willie Nelson","03:24","Title/artist-informed creative inference: outlaw-country duet","Title/artist-informed creative inference: stern and cinematic","Title/artist-informed creative inference: high","Title/artist-informed creative inference: driving feel; no measured BPM","Western thrash metal with galloping riffs, alternating vocals, and a tense half-time bridge.","Title/artist-informed creative inference: rough justice and frontier accountability; write entirely new lyrics without vigilantism advocacy.","Original western thrash-metal duet, driving gallop, dry snare, alternating low and high clean vocals, tense half-time bridge, and sharp twin-lead ending; tell a new fictional frontier story focused on lawful accountability rather than copied slogans."
18,"Write This Down","George Strait","03:39","Title/artist-informed creative inference: traditional country love song","Title/artist-informed creative inference: earnest and gently insistent","Title/artist-informed creative inference: medium","Title/artist-informed creative inference: mid-tempo feel; no measured BPM","Melodic heavy-metal power ballad with clean verses, lifting pre-chorus, and harmonized guitar replies.","Title/artist-informed creative inference: preserving an important promise in plain language; write entirely new lyrics.","Original melodic heavy-metal power ballad, mid-tempo feel, clean picked verses, lifting pre-chorus, harmonized guitar replies, and an earnest chorus; fresh lyrics ask someone to preserve a promise before memory changes it."
19,"Mamas Don't Let Your Babies Grow Up to Be Cowboys","Willie Nelson","03:26","Title/artist-informed creative inference: outlaw-country warning song","Title/artist-informed creative inference: affectionate and cautionary","Title/artist-informed creative inference: medium","Title/artist-informed creative inference: relaxed mid-tempo feel; no measured BPM","Folk-doom metal with acoustic opening, low choral refrain, and heavy slow-gallop choruses.","Title/artist-informed creative inference: the cost of romanticizing a hard roaming life; write entirely new lyrics.","Original folk-doom warning song, relaxed acoustic opening, low choral refrain, heavy slow-gallop choruses, and mournful lead guitar; write new lyrics from an elder cautioning against glamorizing a lonely profession."
20,"The Taliban Song - Live","Toby Keith","03:58","Title/artist-informed creative inference: live country topical comedy","Title/artist-informed creative inference: confrontational and satirical","Title/artist-informed creative inference: high","Title/artist-informed creative inference: brisk live feel; no measured BPM","Live-feel thrash metal with crowd noise, clipped riffs, and a satire-forward chorus that avoids targeting protected groups.","Title/artist-informed creative inference: topical satire about violent extremism; write entirely new, non-hateful lyrics.","Original live-feel thrash-metal satire, brisk pulse, clipped riffs, audible room energy, shouted but intelligible chorus, and a short chaotic solo; target violent extremism and propaganda as ideas, not ethnicities or religions, using entirely new lyrics."
21,"It's Five O'Clock Somewhere","Alan Jackson, Jimmy Buffett","03:50","Title/artist-informed creative inference: tropical country duet","Title/artist-informed creative inference: escapist and sunny","Title/artist-informed creative inference: medium-high","Title/artist-informed creative inference: easy mid-tempo feel; no measured BPM","Upbeat island-tinged hard metal with clean syncopation, steel-drum-like guitar harmonics, and a heavy chorus.","Title/artist-informed creative inference: taking a sanctioned break from routine; write entirely new lyrics.","Original upbeat island-tinged hard-metal duet, easy mid-tempo groove, clean syncopated verses, guitar harmonics suggesting bright percussion, heavy singalong chorus, and a melodic solo; new lyrics justify one small escape from an exhausting day."
22,"Family Tradition","Hank Williams, Jr.","04:02","Title/artist-informed creative inference: outlaw-country anthem","Title/artist-informed creative inference: defiant and autobiographical","Title/artist-informed creative inference: high","Title/artist-informed creative inference: driving mid-tempo feel; no measured BPM","Southern metal with bluesy chugs, call-and-response vocals, and a proud but conflicted chorus.","Title/artist-informed creative inference: inherited habits versus self-defined identity; write entirely new lyrics.","Original southern-metal autobiography, driving mid-tempo bluesy chugs, call-and-response backing voices, gritty lead vocal, and a proud but conflicted chorus; fresh lyrics weigh inherited habits against the choice to define oneself."
23,"Time Marches On","Tracy Lawrence","03:05","Title/artist-informed creative inference: narrative country ballad","Title/artist-informed creative inference: reflective and bittersweet","Title/artist-informed creative inference: medium","Title/artist-informed creative inference: steady mid-tempo feel; no measured BPM","Progressive melodic metal with repeating clock-like motif, evolving verses, and a broad final refrain.","Title/artist-informed creative inference: an automated station repeating its schedule after evacuation until one operator interrupts the cycle; write entirely new lyrics.","Original progressive melodic-metal science-fiction scene, steady mid-tempo pulse, clock-like clean motif, mechanical verse layers, broad final refrain, and an abrupt silent bar; entirely new lyrics follow the last operator on an evacuated station choosing to stop its endless schedule and set a new course."
24,"How Do You Like Me Now?!","Toby Keith","03:29","Title/artist-informed creative inference: country-rock comeback anthem","Title/artist-informed creative inference: triumphant and confrontational","Title/artist-informed creative inference: high","Title/artist-informed creative inference: brisk-feel; no measured BPM","Modern metalcore with bouncing verse riffs, a rising pre-chorus, and a clean victory hook.","Title/artist-informed creative inference: proving doubters wrong without cruelty; write entirely new lyrics.","Original modern metalcore comeback anthem, brisk bouncing verse riff, rising pre-chorus, clean victory hook, brief screamed accents, and a breakdown built around earned confidence; new lyrics answer past doubt without threats or copied phrases."
25,"Where The Green Grass Grows","Tim McGraw","03:21","Title/artist-informed creative inference: country nostalgia anthem","Title/artist-informed creative inference: hopeful and homesick","Title/artist-informed creative inference: medium-high","Title/artist-informed creative inference: driving mid-tempo feel; no measured BPM","Melodic southern metal with ringing guitars, propulsive drums, and an open-sky chorus.","Title/artist-informed creative inference: leaving urban pressure for a grounded home; write entirely new lyrics.","Original melodic southern-metal homecoming song, driving mid-tempo drums, ringing guitars over a firm low riff, warm vocal, and open-sky chorus; write new lyrics about trading relentless city noise for a place built by hand."
26,"There's A Tear In My Beer","Hank Williams, Jr., Hank Williams","02:52","Title/artist-informed creative inference: classic country tearjerker duet","Title/artist-informed creative inference: sorrowful and barroom-weary","Title/artist-informed creative inference: low","Title/artist-informed creative inference: slow-feel; no measured BPM","Doom-country duet with sparse clean guitar, bowed bass color, and a crushing refrain.","Title/artist-informed creative inference: heartbreak reflected in a lonely drink; write entirely new lyrics.","Original doom-country duet, slow-feel, sparse clean guitar, bowed-bass texture, distant cymbal swells, two weathered voices trading verses, and a crushing refrain; fresh lyrics use a new barroom image for grief without quoting a source."
27,"Every Light In The House","Trace Adkins","02:59","Title/artist-informed creative inference: country heartbreak ballad","Title/artist-informed creative inference: lonely and steadfast","Title/artist-informed creative inference: low to medium","Title/artist-informed creative inference: slow-to-mid feel; no measured BPM","Atmospheric post-metal with clean guitar pulses, gradually stacked distortion, and a luminous final chord.","Title/artist-informed creative inference: keeping a visible sign of welcome after separation; write entirely new lyrics.","Original atmospheric post-metal ballad, slow-to-mid pulse, clean guitar figures like distant signals, gradually stacked distortion, restrained vocal, and a luminous final chord; new lyrics center on leaving a nightly sign for someone who may never return."
28,"Don't Take Her She's All I Got","Tracy Byrd","03:28","Title/artist-informed creative inference: pleading traditional country","Title/artist-informed creative inference: desperate and vulnerable","Title/artist-informed creative inference: medium","Title/artist-informed creative inference: mid-tempo feel; no measured BPM","Melodic heavy metal with tense minor-key verses, double-kick lift, and a vulnerable clean chorus.","Title/artist-informed creative inference: fear of losing one's emotional anchor; write entirely new lyrics.","Original melodic heavy-metal plea, mid-tempo minor-key verses, tense bass movement, double-kick lift into a vulnerable clean chorus, and a concise emotional solo; write a new story about fearing the loss of one's last dependable bond."
29,"I Can Still Make Cheyenne","George Strait","04:16","Title/artist-informed creative inference: western separation ballad","Title/artist-informed creative inference: resigned and windswept","Title/artist-informed creative inference: low to medium","Title/artist-informed creative inference: slow-feel; no measured BPM","Western doom metal with spacious clean picking, hoofbeat toms, and a heavy horizon-wide chorus.","Title/artist-informed creative inference: choosing the road after a relationship ends; write entirely new lyrics.","Original western doom-metal separation tale, slow-feel, spacious clean picking, hoofbeat toms, low vocal, and a horizon-wide distorted chorus; fresh lyrics follow a traveler accepting a breakup and aiming for the next distant town."
30,"Amarillo By Morning","George Strait","02:53","Title/artist-informed creative inference: western country road song","Title/artist-informed creative inference: determined and wistful","Title/artist-informed creative inference: medium-high","Title/artist-informed creative inference: galloping mid-tempo feel; no measured BPM","Traditional heavy metal with galloping bass, harmonized leads, and a dawn-breaking chorus.","Title/artist-informed creative inference: sacrifice, travel, and persistence toward the next event; write entirely new lyrics.","Original traditional heavy-metal road song, galloping mid-tempo bass, harmonized guitar leads, tight snare, clear weathered vocal, and a dawn-breaking chorus; new lyrics follow a performer crossing empty miles after another setback."
31,"Don't Take The Girl","Tim McGraw","04:09","Title/artist-informed creative inference: dramatic narrative country ballad","Title/artist-informed creative inference: tender and tragic","Title/artist-informed creative inference: low with a strong climax","Title/artist-informed creative inference: slow-feel; no measured BPM","Symphonic metal ballad with recurring piano motif, restrained strings, and a final orchestral-metal peak.","Title/artist-informed creative inference: a mountain settlement resisting an automated lottery that selects its only mapmaker for exile; write entirely new lyrics without romance or life-stage framing.","Original symphonic-metal dystopian scene, slow-feel, recurring piano pulse, restrained strings, ensemble clean vocals, and one final orchestral-metal peak; entirely new lyrics follow a mountain settlement disabling a lottery machine before it can exile the only person who can map a safe winter route."
32,"Country Song Backwards","Zack Van Arsdale","02:29","Title/artist-informed creative inference: novelty country satire","Title/artist-informed creative inference: absurd and upbeat","Title/artist-informed creative inference: high","Title/artist-informed creative inference: brisk-feel; no measured BPM","Comedy metal with reverse-cymbal motifs, sudden arrangement rewinds, and a tight punk-metal chorus.","Title/artist-informed creative inference: reversing familiar misfortunes for comic effect; write entirely new lyrics.","Original comedy-metal miniature, brisk-feel, reverse-cymbal motifs, two sudden arrangement rewinds, tight punk-metal chorus, and a playful solo; fresh lyrics reverse a sequence of everyday disasters without borrowing stock lines from any song."
33,"I'm Gonna Get Drunk and Play Hank Williams All Night Long","Jim Harding","03:10","Title/artist-informed creative inference: drinking-song country novelty","Title/artist-informed creative inference: rebellious and rueful","Title/artist-informed creative inference: high","Title/artist-informed creative inference: fast-feel; no measured BPM","Punk-metal bar anthem with fast downstrokes, gang vocals, and a rough melodic bridge.","Title/artist-informed creative inference: using old records and a loud night to process heartbreak; write entirely new lyrics without naming artists.","Original punk-metal bar anthem, fast downstrokes, snapping drums, gang-vocal hook, and a rough melodic bridge; new lyrics follow someone using dusty records and one loud night to process heartbreak, with no named-artist references."
34,"Time to Take My Drunk Ass Home","Stu Edwards & Gone Country","03:17","Title/artist-informed creative inference: barroom country novelty","Title/artist-informed creative inference: comic and exhausted","Title/artist-informed creative inference: high then winding down","Title/artist-informed creative inference: brisk-feel; no measured BPM","Speed-metal comedy with accelerating verses, a lurching half-time bridge, and a final stumble-stop.","Title/artist-informed creative inference: recognizing the night has gone too far and leaving safely; write entirely new lyrics.","Original speed-metal comedy song, brisk accelerating verses, lurching half-time bridge, shouted group hook, and a final stumble-stop; fresh lyrics chart the clues that convince a narrator to call a ride and leave safely."
35,"Goin' Through The Big D","Mark Chesnutt","02:35","Title/artist-informed creative inference: 1990s country breakup song","Title/artist-informed creative inference: wry and frustrated","Title/artist-informed creative inference: medium-high","Title/artist-informed creative inference: brisk mid-tempo feel; no measured BPM","Groove metal with clipped riffs, paperwork-like percussion accents, and a sharp singalong chorus.","Title/artist-informed creative inference: divorce bureaucracy and emotional upheaval; write entirely new lyrics.","Original groove-metal breakup satire, brisk mid-tempo clipped riff, percussive accents suggesting stamps and files, dry vocal delivery, and a sharp singalong chorus; new lyrics turn legal paperwork into a maze of emotional consequences."
36,"Bubba Shot The Jukebox","Mark Chesnutt","03:05","Title/artist-informed creative inference: honky-tonk dark comedy","Title/artist-informed creative inference: chaotic and playful","Title/artist-informed creative inference: high","Title/artist-informed creative inference: brisk-feel; no measured BPM","Cowpunk thrash with rebounding guitar accents, rapid verses, and a comic courtroom bridge.","Title/artist-informed creative inference: an impulsive barroom act and ridiculous excuses; write entirely new lyrics.","Original cowpunk-thrash dark comedy, brisk-feel, rebounding guitar accents, rapid narrative verses, stop-time chorus, and a mock courtroom bridge; invent a new harmlessly absurd barroom mishap rather than recreating the source event."
37,"A Country Boy Can Survive","Hank Williams, Jr.","04:15","Title/artist-informed creative inference: outlaw-country survival anthem","Title/artist-informed creative inference: resilient and defiant","Title/artist-informed creative inference: high","Title/artist-informed creative inference: heavy mid-tempo feel; no measured BPM","Southern groove metal with massive downbeat riff, sparse banjo-like picking, and an anthemic resilience chorus.","Title/artist-informed creative inference: practical self-reliance and community endurance; write entirely new lyrics.","Original southern groove-metal resilience anthem, heavy mid-tempo downbeat riff, sparse high-string picking, thunderous toms, gritty clean vocal, and a communal chorus; new lyrics focus on practical skills and neighbors surviving a long emergency."
38,"Down On The Farm","Tim McGraw","02:58","Title/artist-informed creative inference: upbeat rural country-rock","Title/artist-informed creative inference: energetic and celebratory","Title/artist-informed creative inference: high","Title/artist-informed creative inference: driving feel; no measured BPM","Industrial groove metal with machine-like rhythm guitars, barn-sized drums, and a festival chorus.","Title/artist-informed creative inference: rural work transforming into communal celebration; write entirely new lyrics.","Original industrial groove-metal rural festival, driving machine-like guitars, barn-sized drums, brief clean fiddle-like lead tone, and a wide crowd chorus; fresh lyrics move from a hard workday into an improvised nighttime celebration."
39,"Prop Me Up Beside the Jukebox (If I Die)","Joe Diffie","03:46","Title/artist-informed creative inference: honky-tonk dark comedy","Title/artist-informed creative inference: macabre and affectionate","Title/artist-informed creative inference: medium-high","Title/artist-informed creative inference: brisk mid-tempo feel; no measured BPM","Horror-punk metal with organ stabs, stomping riff, and a theatrical last-request chorus.","Title/artist-informed creative inference: an eccentric memorial wish and loyalty to a gathering place; write entirely new lyrics.","Original horror-punk metal wake song, brisk mid-tempo stomp, organ stabs, crunchy guitars, theatrical vocal, and a darkly funny last-request chorus; invent a new eccentric memorial plan centered on keeping a favorite room lively."
40,"Long Haired Country Boy","The Charlie Daniels Band","04:00","Title/artist-informed creative inference: southern country-rock","Title/artist-informed creative inference: independent and laid-back","Title/artist-informed creative inference: medium-high","Title/artist-informed creative inference: mid-tempo groove; no measured BPM","Southern hard metal with blues-scale riffing, wah lead, and an unhurried but forceful chorus.","Title/artist-informed creative inference: personal freedom and resisting judgment; write entirely new lyrics.","Original southern hard-metal independence song, unhurried mid-tempo groove, blues-scale riff, thick bass, wah-colored lead break, and forceful clean chorus; new lyrics defend a quiet unconventional life without repeating familiar slogans."
41,"Whiskey Bent And Hell Bound","Hank Williams, Jr.","03:08","Title/artist-informed creative inference: outlaw-country confession","Title/artist-informed creative inference: reckless and self-aware","Title/artist-informed creative inference: medium-high","Title/artist-informed creative inference: heavy mid-tempo feel; no measured BPM","Sludge metal with dragging riffs, cracked clean vocals, and a brief frantic solo representing loss of control.","Title/artist-informed creative inference: knowing a destructive pattern while repeating it; write entirely new lyrics.","Original sludge-metal confession, heavy mid-tempo drag, cracked clean vocal, low guitar bends, and a brief frantic solo that signals lost control; fresh lyrics confront the gap between recognizing a destructive cycle and stopping it."
42,"Daddy's Money","Ricochet","03:03","Title/artist-informed creative inference: upbeat 1990s country","Title/artist-informed creative inference: flashy and teasing","Title/artist-informed creative inference: high","Title/artist-informed creative inference: brisk-feel; no measured BPM","Glam-metal satire with bright riffs, handclaps, stacked vocals, and a flashy but compact solo.","Title/artist-informed creative inference: privilege, charm, and the difference between image and character; write entirely new lyrics.","Original glam-metal social satire, brisk bright riff, handclaps, stacked chorus vocals, flashy compact solo, and a playful narrator; new lyrics contrast inherited shine with the harder task of building genuine character."
43,"There Ain't Nothin' Wrong with the Radio","Aaron Tippin","02:45","Title/artist-informed creative inference: country novelty road song","Title/artist-informed creative inference: cheerful and resourceful","Title/artist-informed creative inference: high","Title/artist-informed creative inference: driving feel; no measured BPM","Industrial hard metal with radio-static transitions, rattling percussion, and a triumphant chorus.","Title/artist-informed creative inference: loving an imperfect vehicle for the one thing that still works; write entirely new lyrics.","Original industrial hard-metal road comedy, driving pulse, radio-static transitions, rattling percussion, crunchy riff, and triumphant singalong chorus; invent a different failing machine whose one reliable feature keeps the narrator loyal."
44,"Trashy Women - Remastered Version","Confederate Railroad","03:14","Title/artist-informed creative inference: southern country-rock novelty","Title/artist-informed creative inference: rowdy and irreverent","Title/artist-informed creative inference: high","Title/artist-informed creative inference: brisk-feel; no measured BPM","Sleaze-metal party track with swagger riff, gang accents, and a consent-forward modern lyric angle.","Title/artist-informed creative inference: attraction to unapologetic nonconformity; write entirely new, respectful lyrics.","Original sleaze-metal party track, brisk swagger riff, punchy drums, gang accents, and a flashy lead break; fresh lyrics admire confident adult nonconformists while keeping the perspective respectful, mutual, and consent-forward."
45,"Mammas Don't Let Your Babies Grow up to Be Cowboys","Waylon Jennings, Willie Nelson","02:37","Title/artist-informed creative inference: outlaw-country duet warning","Title/artist-informed creative inference: affectionate and cautionary","Title/artist-informed creative inference: medium","Title/artist-informed creative inference: relaxed mid-tempo feel; no measured BPM","Twin-vocal folk metal with acoustic pulse, heavy galloping refrain, and dual harmonized leads.","Title/artist-informed creative inference: warning against romanticizing a lonely vocation; write entirely new lyrics.","Original twin-vocal folk-metal warning, relaxed acoustic pulse, heavy galloping refrain, two contrasting clean voices, and dual harmonized leads; new lyrics caution a younger generation about idealizing a glamorous but isolating trade."
46,"Indian Outlaw","Tim McGraw","03:02","Title/artist-informed creative inference: 1990s country novelty anthem","Title/artist-informed creative inference: boastful and playful","Title/artist-informed creative inference: high","Title/artist-informed creative inference: driving feel; no measured BPM","Groove metal focused on outsider swagger, using neutral modern imagery and avoiding cultural caricature.","Title/artist-informed creative inference: outsider identity and boastful self-invention; write entirely new lyrics without stereotypes.","Original groove-metal outsider anthem, driving syncopated riff, punchy drums, confident clean vocal, and a broad chorus; build a fictional modern drifter identity from personal choices and road-earned details, avoiding ethnic imagery and stereotypes."
47,"Finally Friday","George Jones","02:44","Title/artist-informed creative inference: upbeat traditional country","Title/artist-informed creative inference: relieved and celebratory","Title/artist-informed creative inference: high","Title/artist-informed creative inference: brisk-feel; no measured BPM","Punk-metal weekend anthem with countdown vocals, fast chords, and a half-time release chorus.","Title/artist-informed creative inference: end-of-week relief and modest celebration; write entirely new lyrics.","Original punk-metal end-of-week release, brisk-feel, fast downstroke chords, countdown backing vocals, half-time chorus, and a compact melodic solo; new lyrics move through the last hour of a difficult shift into a simple night with friends."
48,"All My Rowdy Friends (Have Settled Down)","Hank Williams, Jr.","04:00","Title/artist-informed creative inference: reflective outlaw country","Title/artist-informed creative inference: nostalgic and lonely","Title/artist-informed creative inference: low to medium","Title/artist-informed creative inference: slow-to-mid feel; no measured BPM","Doom metal with subdued verses, aging-room ambience, and a heavy chorus about vanished noise.","Title/artist-informed creative inference: aging, changed friendships, and the silence after old excess; write entirely new lyrics.","Original doom-metal reflection on aging friendships, slow-to-mid feel, subdued clean verses, room-tone ambience, heavy chorus, and a restrained melodic solo; fresh lyrics notice how familiar gathering places grow quiet as lives change."
49,"Dust On The Bottle","David Lee Murphy","03:44","Title/artist-informed creative inference: country-rock nostalgia song","Title/artist-informed creative inference: warm and knowing","Title/artist-informed creative inference: medium-high","Title/artist-informed creative inference: driving mid-tempo feel; no measured BPM","Desert hard metal with dry riff tone, warm chorus harmonies, and a vintage-sounding lead break.","Title/artist-informed creative inference: age improving hidden value and relationships; write entirely new lyrics.","Original desert hard-metal song, driving mid-tempo dry guitar tone, warm chorus harmonies, steady bass, and a vintage-colored lead break; new lyrics compare an overlooked object gaining value with a relationship deepening over time."
50,"Seminole Wind","John Anderson","03:58","Title/artist-informed creative inference: atmospheric country environmental ballad","Title/artist-informed creative inference: reverent and mournful","Title/artist-informed creative inference: medium","Title/artist-informed creative inference: steady mid-tempo feel; no measured BPM","Atmospheric folk metal with wind textures, tom-led pulse, layered clean vocals, and a storming final section.","Title/artist-informed creative inference: ecological loss, memory of place, and responsibility; write entirely new lyrics with respectful neutral imagery.","Original atmospheric folk-metal environmental lament, steady mid-tempo tom pulse, wind textures, layered clean vocals, low guitars arriving gradually, and a storming final section; new lyrics mourn a damaged wetland through specific natural images without borrowing source language."
51,"Cadillac Ranch","Chris LeDoux","02:53","Title/artist-informed creative inference: upbeat country road rocker","Title/artist-informed creative inference: freewheeling and nostalgic","Title/artist-informed creative inference: high","Title/artist-informed creative inference: driving feel; no measured BPM","Boogie metal with an engine-rev riff, handclap accents, and a wide highway chorus.","Title/artist-informed creative inference: roadside landmarks, motion, and mechanical nostalgia; write entirely new lyrics.","Original boogie-metal highway song, driving engine-rev riff, handclap accents, punchy drums, bright clean vocal, and a wide chorus; new lyrics follow a traveler using strange roadside sculptures as mile markers toward a fresh start."
52,"Here's a Quarter (Call Someone Who Cares)","Travis Tritt","02:32","Title/artist-informed creative inference: country breakup retort","Title/artist-informed creative inference: sarcastic and wounded","Title/artist-informed creative inference: medium-high","Title/artist-informed creative inference: brisk mid-tempo feel; no measured BPM","Hard-rock metal with clipped verse chords, phone-tone guitar motif, and a dismissive chorus.","Title/artist-informed creative inference: setting boundaries after an insincere return; write entirely new lyrics.","Original hard-rock metal breakup retort, brisk mid-tempo clipped chords, a guitar motif shaped like a disconnected call, dry vocal, and a firm chorus; fresh lyrics reject a late apology by setting clear boundaries without copied catchphrases."
53,"Ocean Front Property","George Strait","03:08","Title/artist-informed creative inference: traditional country wordplay ballad","Title/artist-informed creative inference: dryly heartbroken","Title/artist-informed creative inference: medium","Title/artist-informed creative inference: mid-tempo feel; no measured BPM","Progressive metal with deceptive major-key opening, shifting meters, and a darker reveal chorus.","Title/artist-informed creative inference: denial exposed through an impossible sales pitch; write entirely new lyrics.","Original progressive-metal song built around an impossible promise, mid-tempo feel, deceptively bright clean opening, subtle meter shifts, darker distorted reveal chorus, and precise clean vocal; write a new metaphor for denial that is not real estate."
54,"Straight Tequila Night","John Anderson","02:53","Title/artist-informed creative inference: country drinking-heartbreak song","Title/artist-informed creative inference: tense and cautionary","Title/artist-informed creative inference: medium","Title/artist-informed creative inference: slow-to-mid feel; no measured BPM","Blues-doom metal with glassy clean guitar, heavy chorus chords, and a warning refrain.","Title/artist-informed creative inference: a familiar trigger reopening buried heartbreak; write entirely new lyrics.","Original blues-doom metal warning tale, slow-to-mid feel, glassy clean guitar, bass-heavy chorus chords, low vocal, and one aching solo; new lyrics describe a specific harmless cue that reopens an old wound and changes the room's mood."
55,"Take This Job and Shove It","Johnny Paycheck","02:36","Title/artist-informed creative inference: working-class country protest song","Title/artist-informed creative inference: fed-up and liberating","Title/artist-informed creative inference: high","Title/artist-informed creative inference: brisk-feel; no measured BPM","Industrial metal with factory percussion, descending chugs, and an explosive resignation chorus.","Title/artist-informed creative inference: reclaiming dignity from an exploitative workplace; write entirely new lyrics.","Original industrial-metal resignation anthem, brisk factory percussion, descending chugs, tense spoken verses, and an explosive clean chorus; fresh lyrics document unsafe shortcuts, withheld respect, and a worker leaving on their own terms."
56,"You've Got to Stand for Something","Aaron Tippin","03:02","Title/artist-informed creative inference: values-driven country anthem","Title/artist-informed creative inference: resolute and earnest","Title/artist-informed creative inference: medium-high","Title/artist-informed creative inference: driving mid-tempo feel; no measured BPM","Traditional heavy metal with marching drums, rising harmonies, and a declarative chorus.","Title/artist-informed creative inference: choosing principles under social pressure; write entirely new lyrics.","Original traditional heavy-metal values anthem, driving mid-tempo march, ringing rhythm guitars, rising harmony leads, clear commanding vocal, and a declarative chorus; new lyrics show one concrete moment when convenience conflicts with conscience."
57,"Check Yes Or No","George Strait","03:20","Title/artist-informed creative inference: tender country romance","Title/artist-informed creative inference: innocent and warmly nostalgic","Title/artist-informed creative inference: medium","Title/artist-informed creative inference: gentle mid-tempo feel; no measured BPM","Melodic metal power ballad with music-box clean guitar, restrained drums, and a soaring adult-memory chorus.","Title/artist-informed creative inference: a simple childhood gesture becoming lasting affection; write entirely new lyrics.","Original melodic-metal romance, gentle mid-tempo feel, music-box clean guitar, restrained drums, warm clean vocal, and a soaring chorus; create a new childhood object or ritual that quietly survives into an adult relationship."
58,"Forty Hour Week (For a Livin')","Alabama","03:22","Title/artist-informed creative inference: working-class country tribute","Title/artist-informed creative inference: respectful and uplifting","Title/artist-informed creative inference: medium-high","Title/artist-informed creative inference: steady mid-tempo feel; no measured BPM","Industrial groove metal with tool-like percussion, broad clean chorus, and a melodic shift-change bridge.","Title/artist-informed creative inference: honoring unseen labor across practical trades; write entirely new lyrics.","Original industrial groove-metal labor tribute, steady mid-tempo machine pulse, tool-like percussion, thick guitars, broad clean chorus, and melodic shift-change bridge; new lyrics spotlight several overlooked workers through concrete daily details."
59,"All My Ex's Live In Texas","George Strait","03:20","Title/artist-informed creative inference: western-swing country breakup song","Title/artist-informed creative inference: wry and evasive","Title/artist-informed creative inference: high","Title/artist-informed creative inference: brisk swing feel; no measured BPM","Swing-inflected speed metal with walking bass passages, sharp riff turns, and a runaway chorus.","Title/artist-informed creative inference: geographic escape from accumulated relationship history; write entirely new lyrics.","Original swing-inflected speed-metal escape song, brisk feel, walking-bass verse turns, sharp rhythm guitars, nimble clean vocal, and a runaway chorus; fresh lyrics map past relationships onto different transit lines in one city."
60,"Love Without End, Amen","George Strait","03:07","Title/artist-informed creative inference: multigenerational country family ballad","Title/artist-informed creative inference: tender and reassuring","Title/artist-informed creative inference: low to medium","Title/artist-informed creative inference: slow-to-mid feel; no measured BPM","Symphonic metal ballad with piano-led verses, layered choirs, and a warm climactic refrain.","Title/artist-informed creative inference: enduring stewardship of a fire-damaged landscape through repeated practical restoration; write entirely new lyrics without family or generational framing.","Original symphonic-metal restoration anthem, slow-to-mid feel, piano-led verses, restrained strings, layered choir, and a warm climactic refrain; entirely new lyrics follow a volunteer crew returning season after season to revive a burned forest, framing lasting care as practical stewardship."
61,"I'm Gonna Hire A Wino To Decorate Our Home","David Frizzell","03:57","Title/artist-informed creative inference: domestic country dark comedy","Title/artist-informed creative inference: absurd and bittersweet","Title/artist-informed creative inference: medium-high","Title/artist-informed creative inference: mid-tempo feel; no measured BPM","Cabaret metal with piano stabs, crooked riffing, theatrical dialogue, and a dark comic chorus.","Title/artist-informed creative inference: reshaping a home to compete with a partner's habits; write entirely new lyrics.","Original cabaret-metal domestic satire, mid-tempo crooked riff, piano stabs, theatrical dialogue vocals, and dark comic chorus; invent a new exaggerated home renovation intended to lure an absent partner back from a harmless obsession."
62,"I Think I'll Just Stay Here And Drink","Merle Haggard","04:31","Title/artist-informed creative inference: outlaw-country drinking lament","Title/artist-informed creative inference: stubborn and numb","Title/artist-informed creative inference: medium","Title/artist-informed creative inference: slow-to-mid groove; no measured BPM","Sludge-blues metal with repetitive low riff, weary vocal, and a solo that grows more dissonant.","Title/artist-informed creative inference: emotional avoidance and refusal to leave a familiar place; write entirely new lyrics.","Original sludge-blues metal portrait of avoidance, slow-to-mid groove, repetitive low riff, weary clean vocal, sparse drums, and a guitar solo that grows increasingly dissonant; new lyrics show time passing while the narrator refuses one necessary conversation."
63,"I Regret It All","Nolan Greyson","05:35","Title/artist-informed creative inference: modern dark rock ballad","Title/artist-informed creative inference: remorseful and expansive","Title/artist-informed creative inference: low building to high","Title/artist-informed creative inference: slow-feel; no measured BPM","Post-metal crescendo with fragile clean opening, layered guitars, and a long cathartic final movement.","Title/artist-informed creative inference: totalizing regret challenged by one possible act of repair; write entirely new lyrics.","Original post-metal remorse arc, slow-feel, fragile clean guitar and close vocal opening, layers added over five minutes, thunderous final movement, and unresolved last chord; new lyrics move from sweeping regret toward one specific act of repair."
64,"The System","Tom MacDonald","03:22","Title/artist-informed creative inference: confrontational rap-rock","Title/artist-informed creative inference: suspicious and defiant","Title/artist-informed creative inference: high","Title/artist-informed creative inference: driving feel; no measured BPM","Industrial rap metal with mechanical drums, clipped verses, and a broad chorus focused on verifiable institutional pressure.","Title/artist-informed creative inference: questioning incentives and concentrated power; write entirely new, evidence-minded lyrics.","Original industrial rap-metal critique, driving mechanical drums, clipped low-guitar pattern, precise rhythmic verses, and a broad clean chorus; new lyrics examine one fictional institution through incentives and consequences rather than conspiracy claims or artist imitation."
65,"Prison Bound","Social Distortion","05:24","Title/artist-informed creative inference: punk-rock outlaw narrative","Title/artist-informed creative inference: fatalistic and defiant","Title/artist-informed creative inference: medium-high","Title/artist-informed creative inference: driving mid-tempo feel; no measured BPM","Hardcore-leaning heavy metal with downstroke riffs, gang accents, and a reflective half-time bridge.","Title/artist-informed creative inference: consequences closing in after repeated choices; write entirely new lyrics.","Original hardcore-leaning heavy-metal consequence story, driving mid-tempo downstrokes, raw clean vocal, gang accents, reflective half-time bridge, and a final unresolved refrain; fresh lyrics trace small choices that narrow a person's options."
66,"Not Broken","CortexUS","03:22","Title/artist-informed creative inference: modern alternative rock/metal","Title/artist-informed creative inference: resilient and tense","Title/artist-informed creative inference: medium-high","Title/artist-informed creative inference: driving mid-tempo feel; no measured BPM","Melodic metalcore variant A with tight verse chugs, clean resilience hook, and a compact breakdown.","Title/artist-informed creative inference: refusing a damaging label while acknowledging scars; write entirely new lyrics.","Original melodic metalcore resilience track, driving mid-tempo chugs, tense verse vocal, wide clean chorus, compact breakdown, and ascending final lead; new lyrics reject being defined by damage while admitting recovery is unfinished."
67,"Not Broken","CortexUS","03:22","Title/artist-informed creative inference: modern alternative rock/metal","Title/artist-informed creative inference: resilient and introspective","Title/artist-informed creative inference: medium","Title/artist-informed creative inference: slow-to-mid feel; no measured BPM","Doomgaze variant B with blurred guitars, patient drums, and a luminous defiant chorus.","Title/artist-informed creative inference: quiet survival after pressure and isolation; write entirely new lyrics.","Original doomgaze survival song, slow-to-mid feel, blurred low guitars, patient drums, intimate clean vocal, and a luminous defiant chorus; fresh lyrics use repaired architecture as a metaphor for remaining whole, then drop to bass and voice before a wall-of-sound final refrain and long feedback fade."
68,"Dont Need a Word to Say","CortexUS","01:14","Title/artist-informed creative inference: short alternative-rock vignette","Title/artist-informed creative inference: intimate and urgent","Title/artist-informed creative inference: medium-high","Title/artist-informed creative inference: brisk-feel; no measured BPM","One-minute post-hardcore burst with instrumental communication motif and no wasted intro.","Title/artist-informed creative inference: understanding communicated through actions rather than speech; write entirely new lyrics.","Original seventy-five-second post-hardcore vignette, immediate brisk riff, one concise verse, instrumental answer motif, explosive clean hook, and hard stop; new lyrics show two people communicating through practical actions rather than declarations."
69,"Fix you","CortexUS","04:03","Title/artist-informed creative inference: alternative-rock ballad","Title/artist-informed creative inference: compassionate but conflicted","Title/artist-informed creative inference: low building to high","Title/artist-informed creative inference: slow-feel; no measured BPM","Post-hardcore power ballad with clean ambient verses, forceful chorus, and a boundary-aware bridge.","Title/artist-informed creative inference: wanting to help without controlling another person; write entirely new lyrics.","Original post-hardcore power ballad, slow-feel, ambient clean verses, forceful distorted chorus, expressive vocal, and boundary-aware bridge; new lyrics distinguish offering support from trying to control someone else's healing."
70,"Broken toys","CortexUS","03:19","Title/artist-informed creative inference: dark alternative rock","Title/artist-informed creative inference: damaged and eerie","Title/artist-informed creative inference: medium-high","Title/artist-informed creative inference: mid-tempo feel; no measured BPM","Industrial metal with music-box fragments, serrated riffs, and a warped nursery-room atmosphere.","Title/artist-informed creative inference: discarded objects mirroring neglected people; write entirely new lyrics.","Original industrial-metal dark fable, mid-tempo serrated riff, detuned music-box fragments, metallic percussion, whisper-to-clean vocal arc, and warped chorus; new lyrics give abandoned objects distinct memories without quoting any existing story."
71,"Psycho Circus","CortexUS","03:36","Title/artist-informed creative inference: theatrical hard rock/metal","Title/artist-informed creative inference: manic and sinister","Title/artist-informed creative inference: high","Title/artist-informed creative inference: driving feel; no measured BPM","Carnival metal with calliope-like lead, stop-start riffs, and a ringmaster breakdown.","Title/artist-informed creative inference: spectacle masking manipulation and fear; write entirely new lyrics.","Original carnival metal nightmare, driving stop-start riffs, calliope-like guitar lead, stomping drums, theatrical ringmaster vocal, and a breakdown where the audience sees behind the spectacle; entirely new lyrics and melody."
72,"Feed me","CortexUS","03:09","Title/artist-informed creative inference: aggressive alternative metal","Title/artist-informed creative inference: hungry and confrontational","Title/artist-informed creative inference: high","Title/artist-informed creative inference: driving mid-tempo feel; no measured BPM","Groove metal with lurching bass, syncopated chugs, and a chorus that reframes appetite as ambition.","Title/artist-informed creative inference: insatiable need for attention, power, or meaning; write entirely new lyrics.","Original groove-metal song about insatiable ambition, driving mid-tempo syncopated chugs, lurching bass, terse verses, and a hook that turns appetite into self-interrogation; use new imagery and no borrowed lyric."
73,"Devil Dogs on the Hunt","E Warrior Shaman","03:23","Title/artist-informed creative inference: martial folk-metal anthem","Title/artist-informed creative inference: fierce and cinematic","Title/artist-informed creative inference: high","Title/artist-informed creative inference: fast-feel; no measured BPM","Symphonic death metal with marching toms, tremolo riffs, brass-like guitar layers, and a disciplined chorus.","Title/artist-informed creative inference: a mythic hunting pack pursuing a supernatural threat; write entirely new lyrics.","Original symphonic death-metal hunt, fast-feel, marching toms, tremolo riffs, brass-like guitar layers, harsh verses and disciplined clean chorus; new fantasy lyrics follow a guardian pack tracking a supernatural predator through ruined terrain."
74,"Rattle the Bones","Shunned at a Funeral","04:27","Title/artist-informed creative inference: gothic hard rock/metal","Title/artist-informed creative inference: ominous and ritualistic","Title/artist-informed creative inference: medium-high","Title/artist-informed creative inference: heavy mid-tempo feel; no measured BPM","Ritual doom metal with bone-dry percussion, droning guitars, and a slow chant-to-roar build.","Title/artist-informed creative inference: awakening buried memory through a forbidden ritual; write entirely new lyrics.","Original ritual doom-metal track, heavy mid-tempo pulse, bone-dry percussion, droning low guitars, chant-to-roar vocal build, and a tolling bridge; new lyrics describe a ceremony that awakens inherited memories rather than literal violence."
75,"Dead Mans Throttle","Rebel Road Music","03:07","Title/artist-informed creative inference: outlaw biker rock","Title/artist-informed creative inference: reckless and haunted","Title/artist-informed creative inference: high","Title/artist-informed creative inference: driving feel; no measured BPM","Biker groove metal with revving riff, double-kick surges, and a cautionary bridge.","Title/artist-informed creative inference: inheriting a dangerous machine and its unfinished history; write entirely new lyrics.","Original biker groove-metal ghost story, driving revving riff, double-kick surges, gritty vocal, broad road chorus, and cautionary bridge; fresh lyrics follow someone who inherits a machine carrying the weight of its previous owner's choices."
76,"Outlaw","Shunned at a Funeral","05:28","Title/artist-informed creative inference: dark western hard rock/metal","Title/artist-informed creative inference: isolated and defiant","Title/artist-informed creative inference: medium-high","Title/artist-informed creative inference: slow-to-mid gallop feel; no measured BPM","Western doom metal with spacious intro, heavy gallop, harmonica-like lead tone, and a long final ride-out.","Title/artist-informed creative inference: exile, self-made rules, and the cost of refusing community; write entirely new lyrics.","Original western doom-metal exile story, spacious clean intro, slow-to-mid heavy gallop, harmonica-like guitar tone, low vocal, and long instrumental ride-out; new lyrics examine the loneliness behind self-made rules."
77,"Back In Black","Echoes Of Asgard","04:28","Title/artist-informed creative inference: anthemic hard rock","Title/artist-informed creative inference: triumphant and darkly stylish","Title/artist-informed creative inference: high","Title/artist-informed creative inference: driving mid-tempo feel; no measured BPM","Traditional heavy metal with an entirely new riff, thunderous drums, twin leads, and a return-from-ruin theme.","Title/artist-informed creative inference: reappearance after loss with renewed confidence; write entirely new lyrics.","Original traditional heavy-metal return anthem, driving mid-tempo pulse, wholly new angular riff, thunderous drums, twin-lead bridge, and commanding clean chorus; fresh lyrics portray emerging from ruin in dark ceremonial clothing, without recreating any known song."
78,"When They Come for Me","Shunned at a Funeral","04:19","Title/artist-informed creative inference: dark hard rock/metal","Title/artist-informed creative inference: hunted and resolute","Title/artist-informed creative inference: high","Title/artist-informed creative inference: driving feel; no measured BPM","Metalcore with urgent verse riff, surveillance-like electronic pulse, and a defiant breakdown.","Title/artist-informed creative inference: preparing to face consequences or pursuers without surrendering identity; write entirely new lyrics.","Original metalcore pursuit song, driving urgent riff, subtle surveillance-like electronic pulse, alternating tense and clean vocals, and a defiant breakdown; new lyrics focus on preserving integrity when unnamed authorities close in."
79,"No Matter Who You Are","Mezcaleros","03:58","Title/artist-informed creative inference: desert roots rock","Title/artist-informed creative inference: inclusive and searching","Title/artist-informed creative inference: medium-high","Title/artist-informed creative inference: mid-tempo groove; no measured BPM","Alternative desert metal with hand-percussion texture, open riffing, and a universal chorus.","Title/artist-informed creative inference: shared vulnerability beneath social labels; write entirely new lyrics.","Original alternative desert-metal song, mid-tempo open riff, hand-percussion texture beneath heavy drums, warm rough vocal, and universal clean chorus; fresh lyrics reveal one common fear shared by strangers with different lives."
80,"Give Me Rest","Shunned at a Funeral","05:37","Title/artist-informed creative inference: dark metal ballad","Title/artist-informed creative inference: exhausted and pleading","Title/artist-informed creative inference: low building to high","Title/artist-informed creative inference: slow-feel; no measured BPM","Funeral doom with sparse opening, vast sustained chords, and a final release into silence.","Title/artist-informed creative inference: seeking peace from relentless internal pressure; write entirely new lyrics.","Original funeral-doom plea, slow-feel, sparse single-note opening, vast sustained chords, deep clean vocal, restrained cymbals, and a final release into silence; new lyrics ask for one quiet night away from an endlessly turning mind."
81,"Blinded","Parker Barrow","03:38","Title/artist-informed creative inference: bluesy hard rock","Title/artist-informed creative inference: disoriented and urgent","Title/artist-informed creative inference: high","Title/artist-informed creative inference: driving feel; no measured BPM","Progressive groove metal with flashing rhythmic accents, shifting perspective, and a clear-sighted final chorus.","Title/artist-informed creative inference: attraction or certainty obscuring warning signs; write entirely new lyrics.","Original progressive groove-metal wake-up song, driving riff with flashing rhythmic accents, tense clean vocal, shifting verse perspective, and a clear-sighted final chorus; fresh lyrics track the moment certainty gives way to recognizing ignored evidence."
82,"Cowgirls from Heaven","Shunned at a Funeral","04:42","Title/artist-informed creative inference: gothic western rock/metal","Title/artist-informed creative inference: celestial and windswept","Title/artist-informed creative inference: medium-high","Title/artist-informed creative inference: galloping mid-tempo feel; no measured BPM","Gothic western metal with reverbed clean guitar, galloping chorus, choir layers, and soaring leads.","Title/artist-informed creative inference: supernatural riders bringing rescue or judgment; write entirely new lyrics.","Original gothic western-metal vision, reverbed clean-guitar opening, galloping mid-tempo chorus, layered choir, soaring twin leads, and cinematic drums; new lyrics imagine celestial riders arriving at a drought-stricken town with an ambiguous warning."
83,"PUPPET MASTER","Lily Löwe","02:43","Title/artist-informed creative inference: modern theatrical metal","Title/artist-informed creative inference: controlling and sinister","Title/artist-informed creative inference: high","Title/artist-informed creative inference: brisk-feel; no measured BPM","Industrial metal with string-pluck synths, jerking riffs, and a chorus that cuts the controlling strings.","Title/artist-informed creative inference: manipulation, performance, and reclaiming agency; write entirely new lyrics.","Original industrial-metal escape from manipulation, brisk-feel, string-pluck synth motif, jerking guitar riff, theatrical verse vocal, and explosive chorus where the controlled character severs the mechanism; entirely new lyric and melody."
84,"Dust & Thunder","Shunned at a Funeral","04:32","Title/artist-informed creative inference: western doom/hard metal","Title/artist-informed creative inference: stormy and epic","Title/artist-informed creative inference: high","Title/artist-informed creative inference: heavy mid-tempo feel; no measured BPM","Western doom metal with sandstorm ambience, thunderous toms, low riffs, and a lightning-fast solo.","Title/artist-informed creative inference: crossing exposed land as a storm closes in; write entirely new lyrics.","Original western doom-metal storm crossing, heavy mid-tempo low riff, sandstorm ambience, thunderous toms, low clean vocal, and one lightning-fast solo; fresh lyrics follow travelers deciding whether to shelter or outrun the weather."
85,"Wellerman","Eldruna","02:03","Title/artist-informed creative inference: sea-shanty folk song","Title/artist-informed creative inference: communal and adventurous","Title/artist-informed creative inference: high","Title/artist-informed creative inference: brisk-feel; no measured BPM","Pirate folk metal with stomping drums, concertina-like lead, gang chorus, and an original maritime story.","Title/artist-informed creative inference: crew endurance and awaited relief at sea; write entirely new lyrics rather than reusing traditional verses.","Original pirate folk-metal miniature, brisk stomp, concertina-like guitar lead, heavy rhythm guitars, gang chorus, and a quick solo; write a wholly new maritime story about a supply ship racing a storm, with no traditional or existing lyric lines."
86,"No Rush","Shunned at a Funeral","05:16","Title/artist-informed creative inference: slow-burn dark rock/metal","Title/artist-informed creative inference: patient and ominous","Title/artist-informed creative inference: low building to high","Title/artist-informed creative inference: slow-feel; no measured BPM","Post-metal with patient repetition, widening drum pattern, and a delayed heavy payoff.","Title/artist-informed creative inference: deliberate movement as resistance to outside pressure; write entirely new lyrics.","Original post-metal slow burn, patient repeating clean figure, drums widening over several minutes, low restrained vocal, and delayed heavy payoff; new lyrics frame moving deliberately as a refusal to let urgency dictate every choice."
87,"TEST ME NOW","NOAPOLOGY","03:41","Title/artist-informed creative inference: modern hard rock/metal challenge anthem","Title/artist-informed creative inference: confrontational and confident","Title/artist-informed creative inference: high","Title/artist-informed creative inference: driving feel; no measured BPM","Modern metalcore with precision chugs, challenge-response vocals, and a test-of-strength breakdown.","Title/artist-informed creative inference: demanding proof under pressure and refusing empty judgment; write entirely new lyrics.","Original modern metalcore challenge anthem, driving precision chugs, challenge-response vocals, sharp clean chorus, and a test-of-strength breakdown; fresh lyrics invite fair scrutiny while rejecting anonymous posturing and empty accusations."
88,"The Desert Lamb","Shunned at a Funeral","03:40","Title/artist-informed creative inference: gothic desert rock/metal","Title/artist-informed creative inference: vulnerable and prophetic","Title/artist-informed creative inference: medium","Title/artist-informed creative inference: slow-to-mid feel; no measured BPM","Desert doom with sparse percussion, droning riff, and a protective chorus around a fragile traveler.","Title/artist-informed creative inference: innocence crossing a hostile landscape and becoming a symbol; write entirely new lyrics.","Original desert-doom parable, slow-to-mid feel, sparse hand percussion, droning low riff, solemn clean vocal, and protective chorus; new lyrics follow a fragile traveler whose calm presence changes a hardened caravan."
89,"Hourglass","The SKBs","03:18","Title/artist-informed creative inference: alternative rock","Title/artist-informed creative inference: anxious and reflective","Title/artist-informed creative inference: medium-high","Title/artist-informed creative inference: mid-tempo feel; no measured BPM","Progressive alternative metal with ticking guitar ostinato, shifting accents, and a suspended final measure.","Title/artist-informed creative inference: finite time, delayed decisions, and irreversible change; write entirely new lyrics.","Original progressive alternative-metal time study, mid-tempo ticking guitar ostinato, shifting accents, controlled clean vocal, and a suspended final measure; new lyrics focus on one delayed decision becoming irreversible as small signs accumulate."
90,"Lay the Hammer Down (Madison Redux)","Shunned at a Funeral","04:37","Title/artist-informed creative inference: heavy western metal","Title/artist-informed creative inference: forceful and decisive","Title/artist-informed creative inference: high","Title/artist-informed creative inference: heavy driving feel; no measured BPM","Groove metal with hammer-on-anvil percussion, crushing main riff, and a decisive double-time finale.","Title/artist-informed creative inference: ending indecision through one irreversible commitment; write entirely new lyrics.","Original groove-metal decision anthem, heavy driving riff, hammer-on-anvil percussion, commanding clean vocal, crushing chorus, and decisive double-time finale; fresh lyrics build toward committing to a difficult repair project after years of delay."
91,"Dust on my boots","Ron Broadie","03:58","Title/artist-informed creative inference: country-rock road song","Title/artist-informed creative inference: grounded and nostalgic","Title/artist-informed creative inference: medium-high","Title/artist-informed creative inference: driving mid-tempo feel; no measured BPM","Southern metal with boot-stomp rhythm, dry guitar tone, and a home-soil chorus.","Title/artist-informed creative inference: travel leaving physical traces and strengthening identity; write entirely new lyrics.","Original southern-metal travel song, driving mid-tempo boot-stomp rhythm, dry guitar tone, warm rough vocal, and a home-soil chorus; new lyrics catalog the harmless traces carried back from several landscapes after a long route."
92,"I Want Something Heavy","Shunned at a Funeral","04:22","Title/artist-informed creative inference: dark hard rock/metal","Title/artist-informed creative inference: craving and impatient","Title/artist-informed creative inference: high","Title/artist-informed creative inference: heavy mid-tempo feel; no measured BPM","Sludge-groove metal with massive bass, descending riff, and a chorus that treats weight as emotional substance.","Title/artist-informed creative inference: rejecting shallow distraction in favor of meaningful intensity; write entirely new lyrics.","Original sludge-groove metal demand for substance, heavy mid-tempo descending riff, massive bass, forceful clean vocal, and a chorus that equates weight with meaning; fresh lyrics reject disposable noise and ask for work that leaves a mark."
93,"Silent Running","Huckleberry Road","06:55","Title/artist-informed creative inference: extended roots-rock road ballad","Title/artist-informed creative inference: secretive and expansive","Title/artist-informed creative inference: medium building to high","Title/artist-informed creative inference: slow-to-mid feel; no measured BPM","Atmospheric progressive metal with quiet engine pulse, long instrumental middle, and a panoramic final chorus.","Title/artist-informed creative inference: traveling unnoticed toward a difficult destination; write entirely new lyrics.","Original atmospheric progressive-metal night drive, slow-to-mid engine-like pulse, hushed clean verses, long instrumental middle with layered leads, and panoramic final chorus; new lyrics follow a covert journey undertaken to deliver one necessary truth."
94,"Have You Not Read","Shunned at a Funeral","04:42","Title/artist-informed creative inference: faith-themed dark rock/metal","Title/artist-informed creative inference: admonishing and searching","Title/artist-informed creative inference: medium-high","Title/artist-informed creative inference: heavy mid-tempo feel; no measured BPM","Epic heavy metal with spoken-question opening, rising riffs, and a choir-backed chorus without quoting scripture.","Title/artist-informed creative inference: challenging selective reading and asking for lived understanding; write entirely new lyrics without sacred-text quotation.","Original epic heavy-metal inquiry, heavy mid-tempo rise, spoken-question opening, ringing guitar layers, choir-backed chorus, and reflective bridge; new lyrics challenge someone to understand a principle through action, with no scripture or existing text quoted."
95,"Decide","Sybilanta","03:38","Title/artist-informed creative inference: modern alternative rock","Title/artist-informed creative inference: tense and impatient","Title/artist-informed creative inference: high","Title/artist-informed creative inference: brisk-feel; no measured BPM","Mathy metalcore with alternating meters, clipped vocal phrases, and a straight-time release chorus.","Title/artist-informed creative inference: paralysis between two futures and the cost of delay; write entirely new lyrics.","Original mathy metalcore decision crisis, brisk alternating-meter verse riffs, clipped vocal phrases, straight-time clean release chorus, and one decisive final hit; new lyrics compare two plausible futures while the present window closes."
96,"Don't Be Fair","Shunned at a Funeral","03:41","Title/artist-informed creative inference: dark country-metal song","Title/artist-informed creative inference: bitter and provocative","Title/artist-informed creative inference: medium-high","Title/artist-informed creative inference: driving mid-tempo feel; no measured BPM","Groove metal with crooked riff accents, argumentative verses, and a chorus exposing unequal rules.","Title/artist-informed creative inference: frustration with rules applied unevenly; write entirely new lyrics.","Original groove-metal argument about unequal rules, driving mid-tempo riff with crooked accents, tense conversational verses, forceful clean chorus, and a bridge that reveals the narrator's own bias; use entirely new language."
97,"Heaven's Got A Hold On Me","Haley Jones","02:46","Title/artist-informed creative inference: country faith ballad","Title/artist-informed creative inference: hopeful and surrendered","Title/artist-informed creative inference: medium","Title/artist-informed creative inference: gentle mid-tempo feel; no measured BPM","Symphonic melodic metal with clean piano, ascending guitars, and an uplifting choir-backed chorus.","Title/artist-informed creative inference: being guided toward hope after uncertainty; write entirely new lyrics.","Original symphonic melodic-metal hope song, gentle mid-tempo piano opening, ascending guitars, clear lead vocal, uplifting choir-backed chorus, and concise soaring solo; fresh lyrics describe feeling guided toward service after a long period of drift."
98,"The Forger","Shunned at a Funeral","05:13","Title/artist-informed creative inference: dark folk/metal narrative","Title/artist-informed creative inference: secretive and morally tense","Title/artist-informed creative inference: medium-high","Title/artist-informed creative inference: slow-to-mid feel; no measured BPM","Industrial folk metal with hammering rhythm, acoustic detail, and a revelation-heavy final section.","Title/artist-informed creative inference: creating false objects or identities and facing the truth; write entirely new lyrics.","Original industrial folk-metal moral tale, slow-to-mid hammering rhythm, acoustic string detail under low guitars, close narrative vocal, and revelation-heavy final section; new lyrics follow a craftsperson whose perfect copies erase their own identity."
99,"NOTHING LEFT TO LOSE","Heavy Holy","03:59","Title/artist-informed creative inference: modern heavy metal/hard rock","Title/artist-informed creative inference: desperate and liberating","Title/artist-informed creative inference: high","Title/artist-informed creative inference: driving feel; no measured BPM","Thrash-leaning modern metal with rapid verses, open chorus chords, and a final tempo surge.","Title/artist-informed creative inference: freedom and danger after reaching a personal low point; write entirely new lyrics.","Original thrash-leaning modern-metal reset anthem, driving rapid verses, open chorus chords, urgent clean vocal with harsh accents, and final tempo surge; new lyrics turn a personal low point into a careful decision to rebuild rather than self-destruct."
100,"Remember Me","Shunned at a Funeral","04:13","Title/artist-informed creative inference: memorial dark rock/metal","Title/artist-informed creative inference: elegiac and resolute","Title/artist-informed creative inference: medium building to high","Title/artist-informed creative inference: slow-to-mid feel; no measured BPM","Doom/post-metal closer with clean memorial motif, layered final chorus, and a long fading lead.","Title/artist-informed creative inference: asking to be remembered through actions rather than idealization; write entirely new lyrics.","Original doom/post-metal closing memorial, slow-to-mid feel, clean recurring motif, deep restrained vocal, layered final chorus, and long fading lead; fresh lyrics ask to be remembered through one useful act passed forward, not through a flawless legend."
